Node_ID,X_mm,Y_mm,Z_mm,Ux_mm,Uy_mm,Uz_mm,U_sum_mm
142,100.85,97.61,40.03,-0.1214,-0.838,-0.0289,0.8472
286,137.38,90.31,9.84,-0.0681,-0.6527,-0.0022,0.6562
474,980.56,95.68,19.2,0.0891,-0.6253,-0.0085,0.6317
156,580.92,98.33,45.27,-0.0377,-0.6278,0.0343,0.6298
368,44.05,34.38,44.8,0.0212,-0.6031,-0.017,0.6037
77,659.92,30.62,25.44,-0.0861,-0.5926,-0.0201,0.5991
169,222.38,37.18,17.19,-0.1364,-0.5692,-0.0079,0.5854
177,815.5,49.92,23.53,-0.0219,-0.5825,0.0192,0.5832
224,11.62,67.87,37.17,-0.0503,-0.571,-0.0125,0.5733
333,229.88,61.49,7.69,0.0418,-0.5583,-0.0539,0.5625
167,631.01,35.5,25.64,0.047,-0.5599,-0.0024,0.5619
22,517.87,60.78,25.26,-0.0322,-0.5493,-0.0227,0.5508
145,695.29,41.23,0.76,-0.0079,-0.5487,0.0349,0.5499
491,869.71,84.39,41.76,0.0344,-0.5463,-0.0029,0.5474
114,388.53,94.06,1.26,-0.0167,-0.5446,0.0269,0.5455
295,787.51,88.9,32.43,0.0596,-0.5329,-0.0375,0.5375
380,30.52,86.23,8.07,-0.01,-0.5338,0.0181,0.5342
2,570.67,34.86,46.87,0.0106,-0.5328,-0.0157,0.5331
256,311.64,99.56,32.73,-0.1012,-0.519,0.0176,0.529
328,893.93,86.17,40.43,-0.0359,-0.5257,-0.0114,0.5271
159,62.22,34.7,48.14,-0.0187,-0.5245,-0.0166,0.5251
375,854.62,61.4,25.88,0.0543,-0.5187,-0.0164,0.5218
466,581.63,46.4,26.44,0.035,-0.5201,-0.0064,0.5214
427,428.4,97.54,34.64,-0.0407,-0.51,0.002,0.5116
422,0.44,89.27,40.07,-0.0795,-0.4999,0.0044,0.5062
136,548.08,89.7,8.75,-0.006,-0.5052,-0.0229,0.5057
4,171.52,80.6,14.38,-0.0535,-0.5009,0.0091,0.5038
17,83.56,56.74,21.18,-0.0237,-0.4957,-0.0195,0.4966
218,450.74,38.12,48.1,0.0249,-0.4946,-0.0055,0.4952
230,620.7,69.53,24.22,0.0383,-0.4822,0.0095,0.4838
317,447.66,78.32,4.57,0.0321,-0.479,0.0155,0.4803
323,821.65,46.61,41.39,0.046,-0.4775,0.0064,0.4798
73,651.77,48.07,3.92,0.0125,-0.4676,0.0133,0.4679
464,390.34,64.68,2.42,0.1006,-0.4549,0.0144,0.4661
134,987.31,79.89,32.66,0.0687,-0.4574,-0.0031,0.4625
180,689.91,46.52,28.52,0.0487,-0.4506,0.0297,0.4542
446,343.69,95.03,5.93,0.0326,-0.4497,0.0143,0.4511
